Rey, Worboys, 39
Adriana, Pattisson, 30
Lilla,Goodrich,34
Reeta,Glavis,28
Devlin,Bratley,33
Mycah,Boyack,28
Jeramey,Pecha,31
Dominick,Ellerey,21
Cristobal,Rouse,39
Nolie,Ormston,17
Jeanie,Peasgood,18
Hildegaard,Augie,jjjj
Robers,Morrid,25
Doralyn,Cordall,34
Lulu,Lant,31
Jeff,Liverseege,33
Oren,Reedy,40
Uriel,Herkess,35
Lelah,Lanphier,31
Rupert,Bexon,32
Nicoline,Strattan,33
Jody,Maciak,30
Elfreda,Jukes,35
Mathew,Bromley,20
Matias,Brigshaw,34
Spence,Colmer,24
Shaine,Mordaunt,22
Bibi,Kewley,20
Virgie,Ayris,19
Susanne,Showler,22
Sibbie,Dunwoody,18
Linette,Gemson,34
Becka,Orgill,23
Rorke,Pizey,21
Brocky,Tanzer,28
Jenny,Farnsworth,25
Wake,Basson,23
Borden,Fellini,36
Guthry,Wherrit,39
Elvis,Petrelluzzi,33
Quint,Devons,25
Kirsti,Wainwright,27
Guthrie,Blewitt,22
Lesli,Forseith,37
Maxy,Barlee,33
Clare,Avey,23
Les,Matteoni,34
Virgina,Ghiroldi,19
Martie,Caisley,29
Chiquia,Walles,25
Lorraine,Flippini,31
Forbes,Bardey,23
Fons,Culley,18
Dita,Tinkler,34
Haroun,Goves,25
Natividad,Cleatherow,17
Fernanda,Lazenbury,18
Stacy,Chivrall,39
Issiah,Allwell,20
Lizzie,Shay,21
Clayson,Pike,28
Ebenezer,Hardaway,29
Morris,Mccaull,29
Cariotta,Lytlle,21
Ava,Sharplin,24
Sigrid,Cahill,22
Riccardo,Prenty,23
Justino,Casebourne,33
Eberhard,Cicconetti,25
Helen,Halle,18
Erhart,McKew,28
Andreana,Kidder,30
Tabitha,Knivett,22
Melisenda,Chomicz,21
Delila,Pain,31
Meier,Worner,29
Yale,Bredes,26
Leela,Grist,36
Nikoletta,Spellward,27
Joey,Mudd,40
Patsy,Ceci,28
Thebault,Prandi,28
Sherie,Looney,29
Colleen,Rawcliffe,31
Osbourn,Glennie,17
Svend,McNirlan,24
Germayne,Blachford,27
Noe,Stockings,38
Barth,Marien,19
Fernando,Napleton,27
Emma,Golsthorp,20
Sherilyn,Bahlmann,40
Alexis,Sibyllina,17
Kendre,Tureville,31
Melonie,Haldenby,17
Igor,Burrass,18
Lorant,Pitkins,39
Rosemonde,Cudbertson,21
Phaedra,Showt,20
Feliks,Regina,32
